<?xml version="1.0" encoding="UTF-8"?>
<project xmlns="http://maven.apache.org/POM/4.0.0" xmlns:xsi="http://www.w3.org/2001/XMLSchema-instance" xsi:schemaLocation="http://maven.apache.org/POM/4.0.0 http://maven.apache.org/maven-v4_0_0.xsd">
  <modelVersion>4.0.0</modelVersion>
  <groupId>storm.example</groupId>
  <artifactId>storm-example</artifactId>
  <version>0.0.1-SNAPSHOT</version>
  <build>
    <sourceDirectory>src</sourceDirectory>
    <resources>
      <resource>
        <directory>${basedir}/src/main/resources</directory>
      </resource>
    </resources>
    <plugins>
      <plugin>
        <artifactId>maven-compiler-plugin</artifactId>
        <version>3.12.1</version>
        <configuration>
          <release>21</release>
        </configuration>
      </plugin>
      <plugin>
        <artifactId>maven-shade-plugin</artifactId>
        <version>2.3</version>
        <executions>
          <execution>
            <phase>package</phase>
            <goals>
              <goal>shade</goal>
            </goals>
          </execution>
        </executions>
        <configuration>
          <transformers>
            <transformer />
            <transformer />
            <transformer>
              <mainClass>org.apache.storm.flux.Flux</mainClass>
            </transformer>
          </transformers>
          <filters>
            <filter>
              <artifact>*:*</artifact>
              <excludes>
                <exclude>META-INF/*.SF</exclude>
                <exclude>META-INF/*.DSA</exclude>
                <exclude>META-INF/*.RSA</exclude>
                <exclude>defaults.yaml</exclude>
              </excludes>
            </filter>
          </filters>
        </configuration>
      </plugin>
      <plugin>
        <groupId>org.codehaus.mojo</groupId>
        <artifactId>exec-maven-plugin</artifactId>
        <version>1.5.0</version>
        <executions>
          <execution>
            <goals>
              <goal>exec</goal>
            </goals>
          </execution>
        </executions>
        <configuration>
          <executable>java</executable>
          <includeProjectDependencies>true</includeProjectDependencies>
          <includePluginDependencies>false</includePluginDependencies>
          <classpathScope>compile</classpathScope>
          <mainClass>org.apache.storm.flux.Flux</mainClass>
        </configuration>
      </plugin>
    </plugins>
  </build>
  <dependencyManagement>
    <dependencies>
      <dependency>
        <groupId>org.clojure</groupId>
        <artifactId>tools.logging</artifactId>
        <version>1.3.0</version>
      </dependency>
    </dependencies>
  </dependencyManagement>
  <properties>
    <storm.version>2.6.1</storm.version>
    <project.build.sourceEncoding>UTF-8</project.build.sourceEncoding>
  </properties>
</project>

